filename,label
J_0001.npy,J
J_0002.npy,J
J_0003.npy,J
J_0004.npy,J
J_0005.npy,J
J_0006.npy,J
J_0007.npy,J
J_0008.npy,J
J_0009.npy,J
J_0010.npy,J
J_0011.npy,J
J_0012.npy,J
J_0013.npy,J
J_0014.npy,J
J_0015.npy,J
J_0016.npy,J
J_0017.npy,J
J_0018.npy,J
J_0019.npy,J
J_0020.npy,J
J_0021.npy,J
J_0022.npy,J
J_0023.npy,J
J_0024.npy,J
J_0025.npy,J
J_0026.npy,J
J_0027.npy,J
J_0028.npy,J
J_0029.npy,J
J_0030.npy,J
J_0031.npy,J
J_0032.npy,J
J_0033.npy,J
J_0034.npy,J
J_0035.npy,J
J_0036.npy,J
J_0037.npy,J
J_0038.npy,J
J_0039.npy,J
J_0040.npy,J
J_0041.npy,J
J_0042.npy,J
J_0043.npy,J
J_0044.npy,J
J_0045.npy,J
J_0046.npy,J
J_0047.npy,J
J_0048.npy,J
J_0049.npy,J
J_0050.npy,J
J_0051.npy,J
J_0052.npy,J
J_0053.npy,J
J_0054.npy,J
J_0055.npy,J
J_0056.npy,J
J_0057.npy,J
J_0058.npy,J
J_0059.npy,J
J_0060.npy,J
J_0061.npy,J
J_0062.npy,J
J_0063.npy,J
J_0064.npy,J
J_0065.npy,J
J_0066.npy,J
J_0067.npy,J
J_0068.npy,J
J_0069.npy,J
J_0070.npy,J
J_0071.npy,J
J_0072.npy,J
J_0073.npy,J
J_0074.npy,J
J_0075.npy,J
J_0076.npy,J
J_0077.npy,J
J_0078.npy,J
J_0079.npy,J
J_0080.npy,J
J_0081.npy,J
J_0082.npy,J
J_0083.npy,J
J_0084.npy,J
J_0085.npy,J
J_0086.npy,J
J_0087.npy,J
J_0088.npy,J
J_0089.npy,J
J_0090.npy,J
J_0091.npy,J
J_0092.npy,J
J_0093.npy,J
J_0094.npy,J
J_0095.npy,J
J_0096.npy,J
J_0097.npy,J
J_0098.npy,J
J_0099.npy,J
J_0100.npy,J
J_0101.npy,J
J_0102.npy,J
J_0103.npy,J
J_0104.npy,J
J_0105.npy,J
J_0106.npy,J
J_0107.npy,J
J_0108.npy,J
J_0109.npy,J
J_0110.npy,J
J_0111.npy,J
J_0112.npy,J
J_0113.npy,J
J_0114.npy,J
J_0115.npy,J
J_0116.npy,J
J_0117.npy,J
J_0118.npy,J
J_0119.npy,J
J_0120.npy,J
J_0121.npy,J
J_0122.npy,J
J_0123.npy,J
J_0124.npy,J
J_0125.npy,J
J_0126.npy,J
J_0127.npy,J
J_0128.npy,J
J_0129.npy,J
J_0130.npy,J
J_0131.npy,J
J_0132.npy,J
J_0133.npy,J
J_0134.npy,J
J_0135.npy,J
J_0136.npy,J
J_0137.npy,J
J_0138.npy,J
J_0139.npy,J
J_0140.npy,J
J_0141.npy,J
J_0142.npy,J
J_0143.npy,J
J_0144.npy,J
J_0145.npy,J
J_0146.npy,J
J_0147.npy,J
J_0148.npy,J
J_0149.npy,J
J_0150.npy,J
J_0151.npy,J
J_0152.npy,J
J_0153.npy,J
J_0154.npy,J
J_0155.npy,J
J_0156.npy,J
J_0157.npy,J
J_0158.npy,J
J_0159.npy,J
J_0160.npy,J
J_0161.npy,J
J_0162.npy,J
J_0163.npy,J
J_0164.npy,J
J_0165.npy,J
J_0166.npy,J
J_0167.npy,J
J_0168.npy,J
J_0169.npy,J
J_0170.npy,J
J_0171.npy,J
J_0172.npy,J
J_0173.npy,J
J_0174.npy,J
J_0175.npy,J
J_0176.npy,J
J_0177.npy,J
J_0178.npy,J
J_0179.npy,J
J_0180.npy,J
J_0181.npy,J
J_0182.npy,J
J_0183.npy,J
J_0184.npy,J
J_0185.npy,J
J_0186.npy,J
J_0187.npy,J
J_0188.npy,J
J_0189.npy,J
J_0190.npy,J
J_0191.npy,J
J_0192.npy,J
J_0193.npy,J
J_0194.npy,J
J_0195.npy,J
J_0196.npy,J
J_0197.npy,J
J_0198.npy,J
J_0199.npy,J
J_0200.npy,J
J_0201.npy,J
J_0202.npy,J
J_0203.npy,J
J_0204.npy,J
J_0205.npy,J
J_0206.npy,J
J_0207.npy,J
J_0208.npy,J
J_0209.npy,J
J_0210.npy,J
J_0211.npy,J
J_0212.npy,J
J_0213.npy,J
J_0214.npy,J
J_0215.npy,J
J_0216.npy,J
J_0217.npy,J
J_0218.npy,J
J_0219.npy,J
J_0220.npy,J
J_0221.npy,J
J_0222.npy,J
J_0223.npy,J
J_0224.npy,J
J_0225.npy,J
J_0226.npy,J
J_0227.npy,J
J_0228.npy,J
J_0229.npy,J
J_0230.npy,J
J_0231.npy,J
J_0232.npy,J
J_0233.npy,J
J_0234.npy,J
J_0235.npy,J
J_0236.npy,J
J_0237.npy,J
J_0238.npy,J
J_0239.npy,J
J_0240.npy,J
J_0241.npy,J
J_0242.npy,J
J_0243.npy,J
J_0244.npy,J
J_0245.npy,J
J_0246.npy,J
J_0247.npy,J
J_0248.npy,J
J_0249.npy,J
J_0250.npy,J
J_0251.npy,J
J_0252.npy,J
J_0253.npy,J
J_0254.npy,J
J_0255.npy,J
J_0256.npy,J
Z_0256.npy,Z
Z_0257.npy,Z
Z_0258.npy,Z
Z_0259.npy,Z
Z_0260.npy,Z
Z_0261.npy,Z
Z_0262.npy,Z
Z_0263.npy,Z
Z_0264.npy,Z
Z_0265.npy,Z
Z_0266.npy,Z
Z_0267.npy,Z
Z_0268.npy,Z
Z_0269.npy,Z
Z_0270.npy,Z
Z_0271.npy,Z
Z_0272.npy,Z
Z_0273.npy,Z
Z_0274.npy,Z
Z_0275.npy,Z
Z_0276.npy,Z
Z_0277.npy,Z
Z_0278.npy,Z
Z_0279.npy,Z
Z_0280.npy,Z
Z_0281.npy,Z
Z_0282.npy,Z
Z_0283.npy,Z
Z_0284.npy,Z
Z_0285.npy,Z
Z_0286.npy,Z
Z_0287.npy,Z
Z_0288.npy,Z
Z_0289.npy,Z
Z_0290.npy,Z
Z_0291.npy,Z
Z_0292.npy,Z
Z_0293.npy,Z
Z_0294.npy,Z
Z_0295.npy,Z
Z_0296.npy,Z
Z_0297.npy,Z
Z_0298.npy,Z
Z_0299.npy,Z
Z_0300.npy,Z
Z_0301.npy,Z
Z_0302.npy,Z
Z_0303.npy,Z
Z_0304.npy,Z
Z_0305.npy,Z
Z_0306.npy,Z
Z_0307.npy,Z
Z_0308.npy,Z
Z_0309.npy,Z
Z_0310.npy,Z
Z_0311.npy,Z
Z_0312.npy,Z
Z_0313.npy,Z
Z_0314.npy,Z
Z_0315.npy,Z
Z_0316.npy,Z
Z_0317.npy,Z
Z_0318.npy,Z
Z_0319.npy,Z
Z_0320.npy,Z
Z_0321.npy,Z
Z_0322.npy,Z
Z_0323.npy,Z
Z_0324.npy,Z
Z_0325.npy,Z
Z_0326.npy,Z
Z_0327.npy,Z
Z_0328.npy,Z
Z_0329.npy,Z
Z_0330.npy,Z
Z_0331.npy,Z
Z_0332.npy,Z
Z_0333.npy,Z
Z_0334.npy,Z
Z_0335.npy,Z
Z_0336.npy,Z
Z_0337.npy,Z
Z_0338.npy,Z
Z_0339.npy,Z
Z_0340.npy,Z
Z_0341.npy,Z
Z_0342.npy,Z
Z_0343.npy,Z
Z_0344.npy,Z
Z_0345.npy,Z
Z_0346.npy,Z
Z_0347.npy,Z
Z_0348.npy,Z
Z_0349.npy,Z
Z_0350.npy,Z
Z_0351.npy,Z
Z_0352.npy,Z
Z_0353.npy,Z
Z_0354.npy,Z
Z_0355.npy,Z
Z_0356.npy,Z
Z_0357.npy,Z
Z_0358.npy,Z
Z_0359.npy,Z
Z_0360.npy,Z
Z_0361.npy,Z
Z_0362.npy,Z
Z_0363.npy,Z
Z_0364.npy,Z
Z_0365.npy,Z
Z_0366.npy,Z
Z_0367.npy,Z
Z_0368.npy,Z
Z_0369.npy,Z
Z_0370.npy,Z
Z_0371.npy,Z
Z_0372.npy,Z
Z_0373.npy,Z
Z_0374.npy,Z
Z_0375.npy,Z
Z_0376.npy,Z
Z_0377.npy,Z
Z_0378.npy,Z
Z_0379.npy,Z
Z_0380.npy,Z
Z_0381.npy,Z
Z_0382.npy,Z
Z_0383.npy,Z
Z_0384.npy,Z
Z_0385.npy,Z
Z_0386.npy,Z
Z_0387.npy,Z
Z_0388.npy,Z
Z_0389.npy,Z
Z_0390.npy,Z
Z_0391.npy,Z
Z_0392.npy,Z
Z_0393.npy,Z
Z_0394.npy,Z
Z_0395.npy,Z
Z_0396.npy,Z
Z_0397.npy,Z
Z_0398.npy,Z
Z_0399.npy,Z
Z_0400.npy,Z
Z_0401.npy,Z
Z_0402.npy,Z
Z_0403.npy,Z
Z_0404.npy,Z
Z_0405.npy,Z
Z_0406.npy,Z
Z_0407.npy,Z
Z_0408.npy,Z
Z_0409.npy,Z
Z_0410.npy,Z
Z_0411.npy,Z
Z_0412.npy,Z
Z_0413.npy,Z
Z_0414.npy,Z
Z_0415.npy,Z
Z_0416.npy,Z
Z_0417.npy,Z
Z_0418.npy,Z
Z_0419.npy,Z
Z_0420.npy,Z
Z_0421.npy,Z
Z_0422.npy,Z
Z_0423.npy,Z
Z_0424.npy,Z
Z_0425.npy,Z
Z_0426.npy,Z
Z_0427.npy,Z
Z_0428.npy,Z
Z_0429.npy,Z
Z_0430.npy,Z
Z_0431.npy,Z
Z_0432.npy,Z
Z_0433.npy,Z
Z_0434.npy,Z
Z_0435.npy,Z
Z_0436.npy,Z
Z_0437.npy,Z
Z_0438.npy,Z
Z_0439.npy,Z
Z_0440.npy,Z
Z_0441.npy,Z
Z_0442.npy,Z
Z_0443.npy,Z
Z_0444.npy,Z
Z_0445.npy,Z
Z_0446.npy,Z
Z_0447.npy,Z
Z_0448.npy,Z
Z_0449.npy,Z
Z_0450.npy,Z
Z_0451.npy,Z
Z_0452.npy,Z
Z_0453.npy,Z
Z_0454.npy,Z
Z_0455.npy,Z
Z_0456.npy,Z
